Title,Link
GOOJARA.to,https://www.goojara.to/
Series,http://www.goojara.to/watch-series
The Last Dance S1,https://ww1.goojara.to/trAZVJ?s=1
E7: Episode VII,
Season 1,https://ww1.goojara.to/trAZVJ?s=1
1,/e2a1Wz
2,/eJR14k
3,/e9W1y4
4,/e4W4ZX
5,/eyP20R
6,/erAZJq
7,/eOevmp
8,/eXnQgW
9,/eOevDL
10,/exGrV5
,
1,https://ww1.goojara.to/trAZVJ?s=1
wootly HDTV,https://ww1.goojara.to/go.php?url=K1ZQSExma0xYbVliUkV3ZElkN0lVNVJQMkFjdXpHZVZtVm5xcTdMbXNuQT0
dood HDTV,https://ww1.goojara.to/go.php?url=VnFnVTZLUEUyM05TbnFtMVZ4b3Z1VllpemJDSFd3M05UdXNGcHhJL3RiOD0
dood HDTV,https://ww1.goojara.to/go.php?url=QnhUanM0YzRLa0VSeE56VjJiODZ1bTBMdklGei8xc21ERTNwQ2crb3pmcz0
Goojara,http://www.goojara.to/
